name,category
Hunting The Past,Comedy
Walking The Slaves,Horror
Hunting The Sun,Drama
Screams In A Storm,SF
Drinking At The Ashes,Horror
Breath Of The Town,Romantic
Travel To The Ships,Romantic
Fade Into The World,Action
Chasing The Abyss,Action
Shelter At The King,Drama
Whispers Of My Leader,Action
Death At The Swamp,Horror
Hurt By The North,Action
Symbols Of The Champions,Romantic
Commanding Technology,Comedy
Healing The Beginning,Comedy
Dancing In Nightmares,Horror
Death In The Dungeons,Horror
